"country","n"
"United States",223915
"Taiwan",71597
"Japan",64899
"Russian Federation",54353
"Germany",32465
"United Kingdom",17856
"India",16444
"Hong Kong",12503
"France",12101
"Brazil",11098
"Canada",10127
"Ukraine",9837
"Turkey",9250
"Netherlands",8942
"Poland",8083
"Mexico",7420
"Spain",7115
"China",6551
"South Africa",6024
"Australia",4450
"Korea, Republic of",4431
"Singapore",4427
"Czech Republic",3999
"Italy",3729
"Vietnam",3510
"Iran, Islamic Republic of",3347
"Hungary",3324
"Sweden",3285
"Colombia",3278
"Egypt",3196
"Romania",3193
"Thailand",2753
"Bulgaria",2543
"Argentina",2533
"Israel",2529
"Indonesia",2415
"Chile",2168
"Pakistan",1968
"Ireland",1955
"Portugal",1934
"Belgium",1883
"Kazakhstan",1811
"Switzerland",1783
"Philippines",1685
"Greece",1345
"Austria",1284
"Finland",1278
"Denmark",1259
"Malaysia",1231
"Norway",1148
"Lithuania",1123
"Saudi Arabia",1112
"Slovakia",1043
"Bangladesh",1029
"Latvia",1027
"Armenia",840
"Croatia",784
"Kuwait",714
"United Arab Emirates",712
"Peru",667
"Ecuador",656
"New Zealand",639
"Tunisia",600
"Panama",586
"Serbia",553
"Venezuela",475
"Nigeria",452
"Bolivia",445
"Georgia",422
"Guatemala",421
"Costa Rica",419
"Kenya",384
"Moldova, Republic of",379
"Ghana",354
"Morocco",321
"Azerbaijan",312
"Algeria",299
"Dominican Republic",280
"Macedonia",270
"Uruguay",268
"Jordan",265
"Estonia",258
"Mongolia",251
"Belarus",245
"Bosnia and Herzegovina",226
"Cyprus",216
"Puerto Rico",213
"Kyrgyzstan",204
"Luxembourg",198
"Senegal",194
"Honduras",192
"Macau",190
"El Salvador",170
"Albania",163
"Iraq",145
"Paraguay",143
"Cambodia",138
"Sri Lanka",137
"Nepal",126
"Sudan",123
"Mauritius",120
"Angola",118
"Tanzania, United Republic of",117
"Zambia",117
"Uganda",116
"Iceland",108
"Palestinian Territory",108
"Nicaragua",100
"Mozambique",92
"Europe",88
"Seychelles",85
"Ethiopia",79
"Cote D'Ivoire",75
"Libya",72
"Jamaica",67
"Cameroon",64
"Oman",60
"Belize",60
"Afghanistan",56
"Montenegro",52
"Tajikistan",51
"Rwanda",51
"Namibia",49
"Slovenia",48
"Zimbabwe",48
"Brunei Darussalam",48
"Reunion",47
"Guadeloupe",45
"Gabon",44
"Aland Islands",42
"Botswana",38
"Syrian Arab Republic",36
"Malta",33
"Congo, The Democratic Republic of the",33
"Trinidad and Tobago",30
"Gambia",28
"Haiti",27
"New Caledonia",27
"Maldives",27
"Niger",26
"Martinique",26
"Curacao",25
"Suriname",24
"French Polynesia",20
"Cayman Islands",19
"Andorra",19
"Aruba",17
"Barbados",16
"Anonymous Proxy",16
"Mali",16
"Congo",16
"Papua New Guinea",16
"Somalia",16
"Liechtenstein",16
"Benin",15
"Bahamas",15
"Malawi",15
"Fiji",14
"Saint Lucia",14
"Bermuda",13
"Turkmenistan",12
"Lao People's Democratic Republic",12
"Lebanon",12
"Isle of Man",11
"Djibouti",10
"Virgin Islands, British",10
"Myanmar",10
"Burundi",10
"Antigua and Barbuda",9
"Monaco",9
"Burkina Faso",9
"French Guiana",9
"Guernsey",9
"Mauritania",9
"Togo",9
"Virgin Islands, U.S.",8
"Sint Maarten (Dutch part)",8
"Guyana",7
"Asia/Pacific Region",7
"Saint Kitts and Nevis",7
"Guinea-Bissau",7
"Cape Verde",7
"Jersey",6
"Bahrain",6
NA,6
"Guam",5
"Dominica",5
"Liberia",5
"Comoros",5
"Gibraltar",5
"Solomon Islands",5
"Equatorial Guinea",5
"Vanuatu",4
"Lesotho",4
"Satellite Provider",4
"Greenland",4
"Yemen",4
"Grenada",3
"Eritrea",3
"San Marino",3
"Sierra Leone",3
"Qatar",2
"Tonga",2
"Mayotte",2
"Saint Vincent and the Grenadines",2
"Turks and Caicos Islands",2
"Bonaire, Saint Eustatius and Saba",2
"Kiribati",1
"Chad",1
"Marshall Islands",1
"Saint Pierre and Miquelon",1
"Guinea",1
"American Samoa",1
"Palau",1
"British Indian Ocean Territory",1
"Saint Martin",1
"South Sudan",1