"";"rodzaj";"kod.pocztowy";"miasto";"ulica";"Lat";"Long"
"856";"POZ";"10-271";"OLSZTYN";"BA£TYCKA 151";53,80429;20,40093
"885";"PSY";"10-801";"OLSZTYN";"SIELSKA 34";53,76883;20,4206
"896";"RTM";"10-802";"OLSZTYN";"SIELSKA 34";53,7686;20,42179
"907";"STM";"10-192";"OLSZTYN";"WIOŒLARSKA 4";53,79831;20,42833
"908";"REH";"10-831";"OLSZTYN";"SIEWNA 78";53,76323;20,42846
"912";"AOS";"10-806";"OLSZTYN";"ZBO¯OWA 27E";53,76691;20,42946
"913";"POZ";"10-806";"OLSZTYN";"ZBO¯OWA 27E";53,76691;20,42946
"914";"STM";"10-807";"OLSZTYN";"ZBO¯OWA 27 E";53,76788;20,42994
"917";"REH";"10-803";"OLSZTYN";"SIELSKA 12/K";53,76858;20,43042
"918";"STM";"10-183";"OLSZTYN";"WCZASOWA 57";53,79652;20,43168
"927";"POZ";"10-822";"OLSZTYN";"¯YTNIA  71/1";53,76915;20,43471
"929";"ZPO";"11-041";"OLSZTYN";"NARCYZOWA 1A";53,80006;20,44032
"932";"AOS";"10-177";"OLSZTYN";"BRZOZOWA 14";53,78915;20,44182
"933";"SZP";"10-177";"OLSZTYN";"BRZOZOWA 14";53,78915;20,44182
"934";"POZ";"10-176";"OLSZTYN";"BA£TYCKA 43";53,78998;20,44191
"935";"POZ";"10-161";"OLSZTYN";"GRABOWA 34/1";53,78356;20,44567
"936";"POZ";"10-144";"OLSZTYN";"BA£TYCKA 37";53,78501;20,45086
"937";"STM";"10-722";"OLSZTYN";"KANAFOJSKIEGO 3/12";53,75479;20,45528
"938";"AOS";"10-722";"OLSZTYN";"KANAFOJSKIEGO 3";53,75522;20,45595
"939";"AOS";"10-772";"OLSZTYN";"CZES£AWA KANAFOJSKIEGO 3/9";53,75522;20,45595
"940";"POZ";"10-772";"OLSZTYN";"KANAFOJSKIEGO 3";53,75522;20,45595
"941";"POZ";"10-148";"OLSZTYN";"ALEJA PRZYJACIÓ£ 42";53,78604;20,45657
"942";"POZ";"10-150";"OLSZTYN";"RYBAKI 24";53,78718;20,45823
"943";"POZ";"10-136";"OLSZTYN";"BA£TYCKA 4";53,78122;20,45909
"944";"STM";"10-140";"OLSZTYN";"¯Ó£TA 10A/46";53,77796;20,45999
"945";"POZ";"10-900";"OLSZTYN";"JAGIELLOÑCZYKA 32";53,7702;20,46296
"946";"POZ";"10-062";"OLSZTYN";"JAGIELLOÑCZYKA 32";53,77115;20,46411
"947";"STM";"10-072";"OLSZTYN";"SZARYCH SZEREGÓW 5";53,77588;20,46414
"948";"POZ";"10-092";"OLSZTYN";"OBROÑCÓW TOBRUKU 15/1";53,76546;20,46705
"949";"STM";"10-072";"OLSZTYN";"ARMI KRAJOWEJ 3/155";53,76557;20,46728
"950";"PRO";"10-127";"OLSZTYN";"JAGIE££Y 3/1";53,77657;20,4684
"954";"ZPO";"10-089";"OLSZTYN";"GA£CZYÑSKIEGO 1/13";53,76251;20,46881
"955";"POZ";"10-168";"OLSZTYN";"KONOPNICKIEJ 11";53,77763;20,4691
"956";"STM";"10-130";"OLSZTYN";"KROMERA 8";53,7766;20,47006
"957";"POZ";"10-089";"OLSZTYN";"IWASZKIEWICZA 44";53,75921;20,47016
"958";"STM";"10-059";"OLSZTYN";"POLNA 14/1";53,7688;20,47121
"959";"AOS";"10-082";"OLSZTYN";"WARSZAWSKA 30";53,77253;20,47192
"960";"POZ";"10-082";"OLSZTYN";"WARSZAWSKA 30";53,77253;20,47192
"961";"REH";"10-082";"OLSZTYN";"WARSZAWSKA 30";53,77253;20,47192
"962";"SOK";"10-082";"OLSZTYN";"WARSZAWSKA 30";53,77253;20,47192
"963";"SZP";"10-082";"OLSZTYN";"WARSZAWSKA 30";53,77253;20,47192
"964";"POZ";"10-059";"OLSZTYN";"POLNA 21";53,76678;20,472
"965";"ZPO";"10-127";"OLSZTYN";"GRUNWALDZKA 8/9";53,77514;20,47244
"966";"ZPO";"11-001";"DYWITY";"OLSZTYÑSKA 70";53,83807;20,47252
"967";"AOS";"10-123";"OLSZTYN";"GRUNWALDZKA 4/2";53,775;20,47295
"968";"POZ";"10-224";"OLSZTYN";"WOJSKA POLSKIEGO 17";53,75114;20,473
"969";"STM";"10-224";"OLSZTYN";"WOJSKA POLSKIEGO 17";53,75114;20,473
"970";"STM";"10-686";"OLSZTYN";"WILCZYÑSKIEGO 17A/D";53,75114;20,473
"971";"POZ";"10-086";"OLSZTYN";"KORCZAKA 10";53,76834;20,47343
"972";"STM";"10-086";"OLSZTYN";"KORCZAKA 10";53,76834;20,47343
"973";"AOS";"10-010";"OLSZTYN";"OSIÑSKIEGO 9";53,77197;20,47513
"974";"POZ";"10-170";"OLSZTYN";"GIETKOWSKA 12";53,78589;20,47549
"975";"ZPO";"10-026";"OLSZTYN";"STARE MIASTO 17/21";53,77606;20,47562
"976";"ZPO";"11-001";"DYWITY";"SPÓ£DZIELCZA 2A/E2";53,8357;20,47636
"977";"STM";"11-001";"DYWITY";"SPÓ£DZIELCZA 2/1E";53,83599;20,47673
"978";"AOS";"10-007";"OLSZTYN";"SZRAJBERA 9/10";53,77376;20,4768
"979";"POZ";"10-007";"OLSZTYN";"SZRAJBERA 9/10";53,77376;20,4768
"980";"POZ";"10-113";"OLSZTYN";"MA££KÓW 3";53,78052;20,477
"981";"STM";"10-113";"OLSZTYN";"MA££KÓW 3";53,78052;20,477
"982";"AOS";"10-045";"OLSZTYN";"MARIAÑSKA 4";53,77047;20,47715
"983";"AOS";"10-052";"OLSZTYN";"MARIAÑSKA 4";53,77047;20,47715
"984";"POZ";"10-106";"OLSZTYN";"WYZWOLENIA 26/27";53,77914;20,47729
"985";"POZ";"11-001";"DYWITY";"JE¯YNOWA 16";53,83432;20,47762
"986";"REH";"11-001";"DYWITY";"JE¯YNOWA 16";53,83432;20,47762
"987";"STM";"11-001";"DYWITY";"JE¯YNOWA 16";53,83432;20,47762
"988";"POZ";"10-045";"OLSZTYN";"NIEPODLEG£OŒCI 18";53,77222;20,47764
"989";"STM";"11-111";"OLSZTYN";"CURIE-SK£ODOWSKIEJ 27";53,77932;20,47832
"990";"STM";"10-111";"OLSZTYN";"CURIE-SK£ODOWSKIEJ 27";53,77942;20,47853
"991";"AOS";"10-698";"OLSZTYN";"SREBRNA 2/3";53,726;20,47866
"992";"POZ";"10-698";"OLSZTYN";"SREBRNA 2/3";53,726;20,47866
"993";"AOS";"10-116";"OLSZTYN";"RATUSZOWA 4";53,77964;20,47911
"994";"STM";"10-116";"OLSZTYN";"RATUSZOWA 4";53,77964;20,47911
"995";"POZ";"10-693";"OLSZTYN";"HALLERA 4";53,74;20,47947
"996";"STM";"10-693";"OLSZTYN";"GEN JÓZEFA HALLERA 4 B";53,74;20,47947
"997";"SZP";"10-693";"OLSZTYN";"GEN JÓZEFA HALLERA 4 B";53,74;20,47947
"998";"SZP";"10-693";"OLSZTYN";"GEN. JÓZEFA HALLERA 4B";53,74;20,47947
"999";"SZP";"10-693";"OLSZTYN";"HALLERA 4B";53,74;20,47947
"1000";"PRO";"10-045";"OLSZTYN";"NIEPODLEG£OŒCI 44";53,77023;20,47955
"1001";"AOS";"10-045";"OLSZTYN";"NIEPODLEG£OŒCI 44";53,77023;20,47955
"1002";"AOS";"10-047";"OLSZTYN";"NIEPODLEG£OŒCI 44";53,77023;20,47955
"1003";"SZP";"10-045";"OLSZTYN";"NIEPODLEG£OŒCI 44";53,77023;20,47955
"1004";"ZPO";"10-045";"OLSZTYN";"NIEPODLEG£OŒCI 44";53,77023;20,47955
"1005";"AOS";"10-117";"OLSZTYN";"1 MAJA 6/101";53,77911;20,47995
"1006";"ZPO";"10-576";"OLSZTYN";"PI£SUDSKIEGO 2/8";53,77809;20,48049
"1007";"POZ";"10-226";"OLSZTYN";"WOJSKA POLSKIEGO 33/5";53,78431;20,48089
"1008";"POZ";"10-226";"OLSZTYN";"WOJSKA POLSKIEGO 33/4";53,78396;20,48113
"1009";"POZ";"10-048";"OLSZTYN";"GRZEGORZEWSKIEJ 6";53,76557;20,48119
"1010";"POZ";"10-117";"OLSZTYN";"1-GO MAJA 3";53,78049;20,4813
"1011";"POZ";"10-226";"OLSZTYN";"WOJSKA POLSKIEGO 33/6";53,78472;20,48164
"1012";"POZ";"10-224";"OLSZTYN";"WOJSKA POLSKIEGO 19/23";53,78946;20,48174
"1014";"STM";"10-228";"OLSZTYN";"AL.WOJSKA POLSKIEGO 33/11";53,78563;20,48197
"1015";"ZPO";"10-900";"OLSZTYN";"WOJSKA POLSKIEGO 19/24";53,79067;20,48205
"1016";"AOS";"10-290";"OLSZTYN";"ALEJA WOJSKA POLSKIEGO 80/18";53,78373;20,48208
"1017";"AOS";"10-290";"OLSZTYN";"WOJSKA POLSKIEGO 80";53,78373;20,48208
"1018";"AOS";"10-290";"OLSZTYN";"WOJSKA POLSKIEGO 80/18";53,78373;20,48208
"1019";"SZP";"10-290";"OLSZTYN";"WOJSKA POLSKIEGO 80";53,78373;20,48208
"1020";"ZPO";"10-290";"OLSZTYN";"WOJSKA POLSKIEGO 80";53,78373;20,48208
"1021";"AOS";"10-602";"OLSZTYN";"WARMIÑSKA 14/14";53,77929;20,48233
"1022";"ZPO";"10-602";"OLSZTYN";"WARMIÑSKA 14/14";53,77929;20,48233
"1023";"POZ";"10-527";"OLSZTYN";"PARTYZANTÓW 85";53,7814;20,48245
"1024";"STM";"10-046";"OLSZTYN";"NIEPODLEG£OŒCI 87A/11";53,76913;20,48251
"1025";"AOS";"10-295";"OLSZTYN";"AL. WOJSKA POLSKIEGO 39";53,7914;20,4827
"1026";"SZP";"10-295";"OLSZTYN";"AL. WOJSKA POLSKIEGO 39";53,7914;20,4827
"1027";"PSY";"10-228";"OLSZTYN";"WOJSKA POLSKIEGO 35";53,7952;20,4828
"1028";"STM";"10-228";"OLSZTYN";"WOJSKA POLSKIEGO 35";53,7952;20,4828
"1029";"POZ";"10-226";"OLSZTYN";"ALEJA WOJSKA POLSKIEGO 33";53,79583;20,48286
"1030";"POZ";"10-226";"OLSZTYN";"WOJSKA POLSKIEGO 33";53,79583;20,48286
"1031";"ZPO";"10-576";"OLSZTYN";"PI£SUDSKIEGO 16";53,77711;20,48302
"1032";"AOS";"10-229";"OLSZTYN";"AL. WOJSKA POLSKIEGO 30";53,79833;20,48303
"1033";"OPH";"10-226";"OLSZTYN";"AL WOJSKA POLSKIEGO 30";53,79833;20,48303
"1034";"REH";"10-229";"OLSZTYN";"AL.WOJSKA POLSKIEGO 30.";53,79833;20,48303
"1035";"SPO";"10-226";"OLSZTYN";"AL. WOJSKA POLSKIEGO 30";53,79833;20,48303
"1036";"SZP";"10-229";"OLSZTYN";"AL. WOJSKA POLSKIEGO 30";53,79833;20,48303
"1037";"AOS";"10-228";"OLSZTYN";"WOJSKA POLSKIEGO 37";53,79375;20,48311
"1038";"POZ";"10-228";"OLSZTYN";"WOJSKA POLSKIEGO 37";53,79375;20,48311
"1039";"PRO";"10-228";"OLSZTYN";"WOJSKA POLSKIEGO 37";53,79375;20,48311
"1040";"PSY";"10-228";"OLSZTYN";"WOJSKA POLSKIEGO 37";53,79375;20,48311
"1041";"REH";"10-228";"OLSZTYN";"WOJSKA POLSKIEGO 37";53,79375;20,48311
"1042";"SOK";"10-228";"OLSZTYN";"WOJSKA POLSKIEGO 37";53,79375;20,48311
"1043";"SZP";"10-228";"OLSZTYN";"WOJSKA POLSKIEGO 37";53,79375;20,48311
"1044";"ZPO";"10-228";"OLSZTYN";"ALEJA WOJSKA POLSKIEGO 37";53,79375;20,48311
"1045";"PRO";"10-351";"OLSZTYN";"¯EROMSKIEGO 8A/2";53,78671;20,48343
"1046";"AOS";"10-555";"OLSZTYN";"KOŒCIUSZKI 92/12U";53,77191;20,48385
"1047";"AOS";"10-555";"OLSZTYN";"TADEUSZA KOŒCIUSZKI 92/34";53,77191;20,48385
"1048";"AOS";"10-527";"OLSZTYN";"PARTYZANTÓW 80";53,78174;20,48397
"1049";"STM";"10-527";"OLSZTYN";"PARTYZANTÓW 80";53,78174;20,48397
"1050";"OPH";"10-555";"OLSZTYN";"KOŒCIUSZKI 86";53,7729;20,48443
"1051";"SPO";"10-555";"OLSZTYN";"KOŒCIUSZKI 86";53,7729;20,48443
"1052";"AOS";"10-544";"OLSZTYN";"WARMIÑSKA 27";53,78156;20,48478
"1053";"POZ";"10-544";"OLSZTYN";"WARMIÑSKA 27";53,78156;20,48478
"1054";"ZPO";"10-552";"OLSZTYN";"KOŒCIUSZKI 84D";53,77347;20,48483
"1055";"POZ";"10-295";"OLSZTYN";"PUSZKINA 11";53,7896;20,48499
"1056";"AOS";"10-561";"OLSZTYN";"OBROÑCÓW TOBRUKU 1/1";53,76418;20,48506
"1057";"ZPO";"10-561";"OLSZTYN";"OBROÑCÓW TOBRUKU 1/1";53,76418;20,48506
"1058";"POZ";"10-271";"OLSZTYN";"JAGIELLOÑSKA 8";53,78579;20,48515
"1059";"STM";"10-266";"OLSZTYN";"OKRZEI 25/2";53,7852;20,48522
"1060";"AOS";"11-236";"OLSZTYN";"SYBIRAKÓW 36";53,79598;20,48522
"1061";"AOS";"10-236";"OLSZTYN";"SYBIRAKÓW 36";53,79532;20,48527
"1062";"RTM";"10-236";"OLSZTYN";"ALEJA SYBIRAKÓW 36";53,79532;20,48527
"1063";"POZ";"10-295";"OLSZTYN";"PUSZKINA 13";53,79036;20,48544
"1064";"PSY";"10-295";"OLSZTYN";"PUSZKINA 13";53,79036;20,48544
"1065";"POZ";"10-551";"OLSZTYN";"ADAMA MICKIEWICZA 6";53,77918;20,48551
"1066";"ZPO";"10-542";"OLSZTYN";"D¥BROWSZCZAKÓW 39";53,77978;20,48564
"1067";"STM";"10-693";"OLSZTYN";"BERLINGA 5/25";53,74442;20,48611
"1068";"ZPO";"10-541";"OLSZTYN";"D¥BROWSZCZAKÓW 34";53,78039;20,48629
"1069";"AOS";"10-561";"OLSZTYN";"¯O£NIERSKA 14B";53,77084;20,48633
"1070";"ZPO";"10-266";"OLSZTYN";"OKRZEI 10";53,78502;20,48641
"1071";"REH";"10-525";"OLSZTYN";"PARTYZANTÓW 74/1";53,78221;20,48655
"1072";"ZPO";"10-539";"OLSZTYN";"D¥BROWSZCZAKÓW 17";53,7815;20,48671
"1073";"POZ";"10-049";"OLSZTYN";"WINCENTEGO PSTROWSKIEGO 5";53,76708;20,48677
"1074";"STM";"10-049";"OLSZTYN";"PSTROWSKIEGO 5";53,76708;20,48677
"1075";"STM";"10-554";"OLSZTYN";"KOŒCIUSZKI 85/12";53,77485;20,4869
"1076";"ZPO";"10-684";"OLSZTYN";"OR£OWICZAICZA 8 A";53,7528;20,48702
"1077";"AOS";"10-686";"OLSZTYN";"JAGIELLOÑSKA 22";53,78733;20,48721
"1078";"ZPO";"10-954";"OLSZTYN";"KOPERNIKA 46A";53,77925;20,48748
"1079";"STM";"10-686";"OLSZTYN";"MELCHIORA WAÑKOWICZA 1";53,75455;20,48757
"1080";"POZ";"10-282";"OLSZTYN";"SYBIRAKÓW 3A";53,79245;20,48761
"1081";"STM";"10-526";"OLSZTYN";"AL. SYBIRAKÓW 3A/P.107";53,79245;20,48761
"1082";"AOS";"10-348";"OLSZTYN";"NIEDZA£KOWSKIEGO 22/24";53,78763;20,48769
"1083";"ZPO";"10-348";"OLSZTYN";"NIEDZA£KOWSKIEGO 22/24";53,78763;20,48769
"1084";"POZ";"10-553";"OLSZTYN";"KOŒCIUSZKI 70";53,77693;20,48786
"1085";"AOS";"10-273";"OLSZTYN";"JAGIELLOÑSKA 26/1A";53,78796;20,48802
"1086";"POZ";"10-448";"OLSZTYN";"G£OWACKIEGO 28";53,77503;20,48812
"1087";"POZ";"10-509";"OLSZTYN";"MICKIEWICZA 10";53,77854;20,48821
"1091";"POZ";"10-252";"OLSZTYN";"SYBIRAKÓW 3";53,79233;20,48848
"1092";"POZ";"10-684";"OLSZTYN";"WANKOWICZA 1A";53,75372;20,48864
"1093";"POZ";"10-547";"OLSZTYN";"KAJKI 6";53,78117;20,48894
"1094";"STM";"10-510";"OLSZTYN";"KOPERNIKA 12/2";53,7804;20,48908
"1095";"AOS";"10-602";"OLSZTYN";"PSTROWSKIEGO 14C/D";53,76439;20,48934
"1096";"AOS";"10-602";"OLSZTYN";"PSTROWSKIEGO 14B/F";53,76305;20,48954
"1097";"ZPO";"10-602";"OLSZTYN";"PSTROWSKIEGO 14B/F";53,76305;20,48954
"1098";"POZ";"10-558";"OLSZTYN";"¯O£NIERSKA 15";53,77216;20,48967
"1099";"STM";"10-601";"OLSZTYN";"PSTROWSKIEGO 14D/1";53,76495;20,48985
"1100";"AOS";"10-561";"OLSZTYN";"¯O£NIERSKA 16A";53,76935;20,48989
"1101";"AOS";"10-561";"OLSZTYN";"¯O£NIERSKA 16A/03A";53,76935;20,48989
"1102";"POZ";"10-561";"OLSZTYN";"¯O£NIERSKA 16A";53,76935;20,48989
"1103";"SZP";"10-561";"OLSZTYN";"¯O£NIERSKA 16A";53,76935;20,48989
"1104";"STM";"10-513";"OLSZTYN";"KOPERNIKA 30/GAB. 8";53,78089;20,49019
"1105";"STM";"10-260";"OLSZTYN";"RATAJA 60";53,79473;20,49036
"1106";"AOS";"10-561";"OLSZTYN";"¯O£NIERSKA 16B";53,7688;20,49037
"1107";"SOK";"10-561";"OLSZTYN";"¯O£NIERSKA 16B";53,7688;20,49037
"1108";"SZP";"10-561";"OLSZTYN";"¯O£NIERSKA 16B";53,7688;20,49037
"1109";"ZPO";"10-561";"OLSZTYN";"¯O£NIERSKA 16";53,7706;20,49039
"1110";"ZPO";"10-561";"OLSZTYN";"¯O£NIERSKA 16/805";53,7706;20,49039
"1111";"STM";"10-515";"OLSZTYN";"PU£ASKIEGO 7/13";53,78046;20,49044
"1112";"ZPO";"10-900";"OLSZTYN";"G£OWACKIEGO 12/3";53,77786;20,49052
"1113";"STM";"10-692";"OLSZTYN";"PIOTROWSKIEGO 16/C";53,73682;20,49069
"1114";"STM";"10-692";"OLSZTYN";"PIOTROWSKIEGO 16G";53,73682;20,49069
"1115";"POZ";"10-692";"OLSZTYN";"FLORIANA PIOTROWSKIEGO 16/I, J";53,73705;20,49074
"1116";"STM";"10-689";"OLSZTYN";"PIOTROWSKIEGO 16H";53,73705;20,49074
"1117";"STM";"10-692";"OLSZTYN";"PIOTROWSKIEGO 10/A";53,73745;20,49077
"1118";"STM";"10-346";"OLSZTYN";"NIEDZIA£KOWSKIEGO 4/2";53,78671;20,49077
"1119";"STM";"10-501";"OLSZTYN";"NIEDZIA£KOWSKIEGO 4/2";53,78671;20,49077
"1120";"AOS";"10-900";"OLSZTYN";"PIOTROWSKIEGO 10G";53,73752;20,491
"1122";"AOS";"10-900";"OLSZTYN";"LIMANOWSKIEGO 17/19";53,7868;20,49116
"1123";"STM";"10-900";"OLSZTYN";"LIMANOWSKIEGO 17/19";53,7868;20,49116
"1124";"STM";"10-560";"OLSZTYN";"¯O£NIERSKA 19";53,77114;20,49129
"1125";"ZPO";"10-560";"OLSZTYN";"¯O£NIERSKA 19";53,77114;20,49129
"1126";"ZPO";"10-340";"OLSZTYN";"LIMANOWSKIEGO 1-13/19";53,78772;20,49134
"1127";"POZ";"10-686";"OLSZTYN";"WILCZYÑSKIEGO 27A";53,7402;20,4916
"1128";"SPO";"10-513";"OLSZTYN";"KOPERNIKA 30";53,78263;20,49165
"1129";"ZPO";"10-341";"OLSZTYN";"LIMANOWSKIEGO 4/12";53,78567;20,49169
"1130";"STM";"10-686";"OLSZTYN";"T. WILCZYÑSKIEGO 27/1";53,74025;20,49182
"1131";"ZPO";"10-959";"OLSZTYN";"PLAC BEMA 5";53,78335;20,49184
"1132";"AOS";"10-513";"OLSZTYN";"MIKO£AJA KOPERNIKA 30";53,7827;20,49203
"1133";"AOS";"10-513";"OLSZTYN";"KOPERNIKA 30";53,7827;20,49209
"1134";"SZP";"10-513";"OLSZTYN";"KOPERNIKA 30";53,7827;20,49209
"1135";"ZPO";"10-513";"OLSZTYN";"KOPERNIKA 30";53,7827;20,49209
"1136";"AOS";"10-561";"OLSZTYN";"¯O£NIERSKA 18";53,76986;20,49211
"1137";"AOS";"10-561";"OLSZTYN";"¯O£NIERSKA 18 A";53,76986;20,49211
"1138";"AOS";"10-561";"OLSZTYN";"¯O£NIERSKA 18A";53,76986;20,49211
"1139";"POZ";"10-561";"OLSZTYN";"¯O£NIERSKA 18";53,76986;20,49211
"1140";"POZ";"10-561";"OLSZTYN";"¯O£NIERSKA 18 A";53,76986;20,49211
"1141";"PRO";"10-561";"OLSZTYN";"¯O£NIERSKA 18";53,76986;20,49211
"1142";"PSY";"10-561";"OLSZTYN";"¯O£NIERSKA 18 A";53,76986;20,49211
"1143";"REH";"10-561";"OLSZTYN";"¯O£NIERSKA 18";53,76986;20,49211
"1144";"REH";"10-561";"OLSZTYN";"¯O£NIERSKA 18 A";53,76986;20,49211
"1145";"SOK";"10-561";"OLSZTYN";"¯O£NIERSKA 18";53,76986;20,49211
"1146";"SOK";"10-561";"OLSZTYN";"¯O£NIERSKA 18 A";53,76986;20,49211
"1147";"STM";"10-561";"OLSZTYN";"¯O£NIERSKA 18 A";53,76986;20,49211
"1148";"STM";"10-561";"OLSZTYN";"¯O£NIERSKA 18A";53,76986;20,49211
"1149";"SZP";"10-561";"OLSZTYN";"¯O£NIERSKA 18";53,76986;20,49211
"1150";"SZP";"10-561";"OLSZTYN";"¯O£NIERSKA 18 A";53,76986;20,49211
"1151";"ZPO";"10-561";"OLSZTYN";"ZO£NIERSKA 18F";53,76986;20,49211
"1152";"ZPO";"10-561";"OLSZTYN";"¯O£NIERSKA 18";53,76986;20,49211
"1153";"ZPO";"10-561";"OLSZTYN";"¯O£NIERSKA 18A/G. 103";53,76986;20,49211
"1154";"ZPO";"10-561";"OLSZTYN";"¯O£NIERSKA 18F";53,76986;20,49211
"1155";"ZPO";"10-561";"OLSZTYN";"¯O£NIERSKA 18F/18";53,76986;20,49211
"1156";"ZPO";"10-561";"OLSZTYN";"¯O£NIERSKA 18/G. 72";53,76986;20,49211
"1157";"STM";"10-561";"OLSZTYN";"¯O£NIERSK 18";53,76986;20,49211
"1158";"POZ";"10-504";"OLSZTYN";"KOŒCIUSZKI 32/2";53,78158;20,49222
"1159";"ZPO";"10-684";"OLSZTYN";"OR£OWICZA 8A";53,75374;20,49252
"1161";"POZ";"10-450";"OLSZTYN";"AL. PI£SUDSKIEGO 42";53,77475;20,4927
"1162";"ZPO";"10-601";"OLSZTYN";"PSTROWSKIEGO 16";53,76435;20,49272
"1163";"POZ";"10-156";"OLSZTYN";"PLAC BEMA 4/2";53,78322;20,49276
"1164";"STM";"10-450";"OLSZTYN";"PI£SUDSKIEGO 42";53,77472;20,49279
"1165";"AOS";"10-692";"OLSZTYN";"MROZA 13C";53,74015;20,4928
"1166";"AOS";"10-685";"OLSZTYN";"PAUKSZTY 57";53,75212;20,49282
"1167";"POZ";"10-685";"OLSZTYN";"PAUKSZTY 57";53,75212;20,49282
"1168";"REH";"10-685";"OLSZTYN";"PAUKSZTY 57";53,75212;20,49282
"1169";"SPO";"10-685";"OLSZTYN";"PAUKSZTY 57";53,75212;20,49282
"1170";"STM";"10-685";"OLSZTYN";"PAUKSZTY 57";53,75212;20,49282
"1175";"POZ";"10-959";"OLSZTYN";"KOŒCIUSZKI 46/48/21";53,79027;20,493
"1176";"STM";"10-443";"OLSZTYN";"KO£OBRZESKA 10/1";53,77893;20,49319
"1177";"ZPO";"10-680";"OLSZTYN";"HANKI SAWICKIEJ 2";53,7931;20,4933
"1179";"POZ";"10-431";"OLSZTYN";"KO£OBRZESKA 9";53,77812;20,49337
"1180";"POZ";"10-444";"OLSZTYN";"KO£OBRZESKA 9";53,77812;20,49337
"1181";"POZ";"10-275";"OLSZTYN";"MONIUSZKI 10";53,78692;20,49362
"1182";"REH";"10-560";"OLSZTYN";"¯O£NIERSKA 27";53,77118;20,49365
"1183";"ZPO";"10-504";"OLSZTYN";"KOŒCIUSZKI 16/18";53,78274;20,49375
"1184";"AOS";"10-684";"OLSZTYN";"WAÑKOWICZA 5/209";53,75385;20,49383
"1185";"AOS";"10-684";"OLSZTYN";"WAÑKOWICZA 5";53,75385;20,49383
"1186";"POZ";"10-684";"OLSZTYN";"WAÑKOWICZA 5";53,75385;20,49383
"1187";"POZ";"10-686";"OLSZTYN";"WAÑKOWICZA 5";53,75385;20,49383
"1188";"POZ";"10-686";"OLSZTYN";"WAÑKOWICZA 5/7";53,75385;20,49383
"1189";"REH";"10-684";"OLSZTYN";"WAÑKOWICZA 5";53,75385;20,49383
"1190";"STM";"10-684";"OLSZTYN";"WAÑKOWICZA 5";53,75385;20,49383
"1191";"ZPO";"10-684";"OLSZTYN";"WAÑKOWICZA 5";53,75385;20,49383
"1192";"STM";"10-684";"OLSZTYN";"WAÑKOWICZA 5/305";53,75385;20,49383
"1193";"ZPO";"10-503";"OLSZTYN";"KOŒCIUSZKI 29/21";53,78136;20,49393
"1194";"POZ";"10-041";"OLSZTYN";"PADEREWSKIEGO 10/12";53,7875;20,49425
"1195";"STM";"10-239";"OLSZTYN";"PADEREWSKIEGO 10/12";53,7875;20,49425
"1196";"AOS";"10-401";"OLSZTYN";"PARTYZANTÓW 36";53,78447;20,49427
"1197";"ZPO";"10-401";"OLSZTYN";"PARTYZANTÓW 36";53,78447;20,49427
"1199";"STM";"10-762";"OLSZTYN";"JAROSZYKA 8";53,74265;20,49456
"1200";"POZ";"10-560";"OLSZTYN";"¯O£NIERSKA 39";53,76993;20,49498
"1201";"ZPO";"10-283";"OLSZTYN";"JAGIELLOÑSKA 55A/6A";53,7929;20,49524
"1202";"STM";"10-446";"OLSZTYN";"WESTERPLATTE 1/106D";53,77957;20,49535
"1203";"STM";"10-283";"OLSZTYN";"TORUÑSKA 1A/43";53,79509;20,49551
"1204";"AOS";"10-687";"OLSZTYN";"JAROSZYKA 3";53,74232;20,49553
"1205";"STM";"10-687";"OLSZTYN";"JAROSZYKA 3";53,74232;20,49553
"1206";"POZ";"10-507";"OLSZTYN";"KÊTRZYÑSKIEGO 10";53,78138;20,49554
"1207";"POZ";"10-699";"OLSZTYN";"PIECZEWSKA 10";53,74473;20,49577
"1208";"STM";"10-699";"OLSZTYN";"PIECZEWSKA 10";53,74473;20,49577
"1209";"STM";"10-283";"OLSZTYN";"JAGIELLOÑSKA 55B/14";53,79331;20,49578
"1210";"STM";"10-692";"OLSZTYN";"MROZA 20 B/2";53,73809;20,49581
"1211";"ZPO";"10-692";"OLSZTYN";"JANOWICZA 4/L";53,73989;20,49595
"1212";"AOS";"10-506";"OLSZTYN";"KÊTRZYÑSKIEGO 5/7A";53,78213;20,49606
"1213";"SZP";"10-506";"OLSZTYN";"KÊTRZYÑSKIEGO 5/7A";53,78213;20,49606
"1214";"ZPO";"10-501";"OLSZTYN";"KOŒCIUSZKI 13";53,78353;20,4963
"1215";"POZ";"10-685";"OLSZTYN";"TUROWSKIEGO 3";53,75092;20,49632
"1216";"POZ";"10-427";"OLSZTYN";"JASNA 2";53,78285;20,49645
"1217";"STM";"10-560";"OLSZTYN";"¯O£NIERSKA 41 B";53,76998;20,49655
"1218";"ZPO";"10-603";"OLSZTYN";"METALOWA 2";53,76341;20,49665
"1219";"AOS";"10-561";"OLSZTYN";"¯O£NIERSKA 41A";53,76915;20,49682
"1220";"STM";"10-560";"OLSZTYN";"¯O£NIERSKA 41A";53,76915;20,49682
"1221";"ZPO";"10-560";"OLSZTYN";"¯O£NIERSKA 41A";53,76915;20,49682
"1222";"ZPO";"10-692";"OLSZTYN";"JANOWICZA 3/J";53,74123;20,4972
"1224";"AOS";"10-501";"OLSZTYN";"PLAC KONSTYTUCJI  3 MAJA 3";53,7838;20,49748
"1225";"AOS";"10-501";"OLSZTYN";"PLAC KONSTYTUCJI 3 MAJA 3";53,7838;20,49748
"1226";"STM";"10-501";"OLSZTYN";"PLAC KONSTYTUCJI  3 MAJA 3";53,7838;20,49748
"1227";"POZ";"10-692";"OLSZTYN";"MROZA 25";53,73704;20,4975
"1228";"AOS";"10-691";"OLSZTYN";"JANOWICZA 3/B";53,74112;20,49768
"1229";"SPO";"10-691";"OLSZTYN";"JANOWICZA 1";53,7413;20,49777
"1230";"ZPO";"10-601";"OLSZTYN";"PSTROWSKIEGO 29";53,7643;20,49829
"1231";"ZPO";"10-900";"OLSZTYN";"PI£SUDSKIEGO 44A";53,77316;20,49836
"1232";"POZ";"10-685";"OLSZTYN";"TUROWSKIEGO 1";53,74967;20,49839
"1233";"AOS";"10-414";"OLSZTYN";"DWORCOWA 4A";53,78312;20,49875
"1234";"STM";"10-686";"OLSZTYN";"BOENIGKA 44A";53,74403;20,49884
"1235";"POZ";"10-280";"OLSZTYN";"LUDWIKA ZAMENHOFA 14";53,79147;20,49886
"1236";"POZ";"10-499";"OLSZTYN";"PI£SUDSKIEGO 61";53,77454;20,49898
"1237";"PDT";"10-602";"OLSZTYN";"PSTROWSKIEGO 28B";53,76106;20,49918
"1238";"POZ";"10-602";"OLSZTYN";"PSTROWSKIEGO 28B";53,76106;20,49918
"1239";"RTM";"10-602";"OLSZTYN";"PSTROWSKIEGO 28B";53,76106;20,49918
"1240";"POZ";"10-445";"OLSZTYN";"KO£OBRZESKA 13M";53,77699;20,49949
"1241";"ZPO";"10-444";"OLSZTYN";"KO£OBRZESKA 13";53,77795;20,50068
"1242";"AOS";"10-685";"OLSZTYN";"BARCZA 48/8L";53,74915;20,50112
"1243";"STM";"10-685";"OLSZTYN";"BARCZA 48/1L";53,74915;20,50112
"1244";"SZP";"10-685";"OLSZTYN";"BARCZA 48/8L";53,74915;20,50112
"1245";"AOS";"10-437";"OLSZTYN";"DWORCOWA 28";53,77483;20,50143
"1246";"AOS";"10-437";"OLSZTYN";"DWORCOWA 28/144";53,77483;20,50143
"1247";"AOS";"10-437";"OLSZTYN";"DWORCOWA 28/15";53,77483;20,50143
"1248";"AOS";"10-900";"OLSZTYN";"DWORCOWA 28/244";53,77483;20,50143
"1249";"AOS";"10-950";"OLSZTYN";"DWORCOWA 28";53,77483;20,50143
"1250";"REH";"10-437";"OLSZTYN";"DWORCOWA 28";53,77483;20,50143
"1251";"REH";"10-950";"OLSZTYN";"DWORCOWA 28";53,77483;20,50143
"1252";"STM";"10-437";"OLSZTYN";"DWORCOWA 28/202";53,77483;20,50143
"1253";"STM";"10-437";"OLSZTYN";"DWORCOWA 28/P.226";53,77483;20,50143
"1254";"ZPO";"10-437";"OLSZTYN";"DWORCOWA 28";53,77483;20,50143
"1255";"ZPO";"10-437";"OLSZTYN";"DWORCOWA 28/G.236A";53,77483;20,50143
"1256";"ZPO";"10-473";"OLSZTYN";"DWORCOWA 28/109";53,77483;20,50143
"1257";"STM";"10-691";"OLSZTYN";"KANTA 1";53,74043;20,50188
"1258";"ZPO";"10-691";"OLSZTYN";"KANTA 1";53,74043;20,50188
"1259";"POZ";"10-561";"OLSZTYN";"¯O£NIERSKA 26";53,76661;20,50202
"1260";"STM";"10-561";"OLSZTYN";"¯O£NIERSKA 26";53,76661;20,50202
"1262";"POZ";"10-560";"OLSZTYN";"¯O£NIERSKA 49";53,76695;20,50295
"1263";"STM";"10-900";"OLSZTYN";"PI£SUDSKIEGO 54";53,77173;20,50336
"1264";"ZPO";"10-450";"OLSZTYN";"PI£SUDSKIEGO 54";53,77173;20,50336
"1265";"AOS";"10-900";"OLSZTYN";"WYSZYÑSKIEGO 16";53,76827;20,50388
"1266";"POZ";"10-455";"OLSZTYN";"WYSZYÑSKIEGO 16";53,76827;20,50388
"1267";"STM";"10-455";"OLSZTYN";"KARDYNA£A WYSZYÑSKIEGO 16/11";53,76827;20,50388
"1268";"STM";"10-455";"OLSZTYN";"WYSZYNSKIEGO 16/14";53,76827;20,50388
"1269";"STM";"10-455";"OLSZTYN";"WYSZYÑSKIEGO 16/13";53,76827;20,50388
"1270";"REH";"10-686";"OLSZTYN";"BOENIGKA 9";53,74375;20,50403
"1271";"SPO";"10-686";"OLSZTYN";"BOENIGKA 9";53,74375;20,50403
"1272";"STM";"10-691";"OLSZTYN";"KANTA 17/101";53,73627;20,50421
"1273";"POZ";"10-499";"OLSZTYN";"AL.PI£SUDSKIEGO 56A";53,77113;20,50428
"1274";"POZ";"10-450";"OLSZTYN";"AL. PI£SUDSKIEGO 56";53,77141;20,50446
"1275";"STM";"10-450";"OLSZTYN";"PI£SUDSKIEGO 56/P.213 A";53,77141;20,50446
"1276";"POZ";"10-691";"OLSZTYN";"WIECHERTA 14";53,73886;20,50486
"1277";"POZ";"10-608";"OLSZTYN";"GDYÑSKA 17";53,76043;20,50491
"1278";"AOS";"10-446";"OLSZTYN";"PANA TADEUSZA 6";53,77688;20,50517
"1279";"STM";"10-295";"OLSZTYN";"PANA TADEUSZA 6";53,77688;20,50517
"1280";"POZ";"10-456";"OLSZTYN";"KARD. STEFANA WYSZYÑSKIEGO 11";53,76692;20,50518
"1281";"ZPO";"10-455";"OLSZTYN";"WYSZYÑSKIEGO 20";53,76846;20,50549
"1282";"POZ";"10-461";"OLSZTYN";"PANA TADEUSZA 6";53,7769;20,50593
"1283";"STM";"10-461";"OLSZTYN";"PANA TADEUSZA 6";53,7769;20,50593
"1284";"AOS";"10-686";"OLSZTYN";"JERZEGO BURSKIEGO 4";53,74204;20,50605
"1285";"POZ";"10-691";"OLSZTYN";"HERDERA 3";53,73977;20,50612
"1286";"POZ";"10-685";"OLSZTYN";"KRASICKIEGO 2";53,74755;20,50622
"1287";"AOS";"10-686";"OLSZTYN";"BURSKIEGO 2/26";53,74204;20,50649
"1288";"ZPO";"10-686";"OLSZTYN";"BURSKIEGO 2/26";53,74204;20,50649
"1289";"POZ";"10-691";"OLSZTYN";"WIECHERTA 15";53,73822;20,50753
"1290";"AOS";"10-357";"OLSZTYN";"JAGIELLOÑSKA 78";53,80182;20,50895
"1291";"AOS";"10-357";"OLSZTYN";"JAGIELLOÑSKA 78 .";53,80182;20,50895
"1292";"REH";"10-357";"OLSZTYN";"JAGIELLOÑSKA 78";53,80182;20,50895
"1293";"SOK";"10-357";"OLSZTYN";"JAGIELLOÑSKA 78";53,80182;20,50895
"1294";"SZP";"10-357";"OLSZTYN";"JAGIELLOÑSKA 78";53,80182;20,50895
"1295";"POZ";"10-431";"OLSZTYN";"KO£OBRZESKA 29";53,77893;20,5094
"1296";"ZPO";"10-683";"OLSZTYN";"AUGUSTOWSKA 10";53,76635;20,50996
"1297";"ZPO";"10-457";"OLSZTYN";"WYSZYÑSKIEGO 1";53,76994;20,51006
"1299";"STM";"10-691";"OLSZTYN";"PANASA 1";53,74078;20,51225
"1300";"POZ";"10-681";"OLSZTYN";"BALBINY ŒWITYCZ-WIDACKIEJ 3";53,73988;20,51297
"1301";"POZ";"10-691";"OLSZTYN";"BALBINY ŒWITYCZ-WIDACKIEJ 3";53,73988;20,51297
"1302";"ZPO";"10-408";"OLSZTYN";"ŒWITYCZ-WIDACKIEJ 3";53,73988;20,51297
"1303";"POZ";"10-690";"OLSZTYN";"JEZIO£OWICZ 2";53,74309;20,51314
"1304";"STM";"10-690";"OLSZTYN";"JEZIO£OWICZA 2/130";53,74309;20,51314
"1305";"AOS";"10-691";"OLSZTYN";"GÊBIKA 10 B";53,7402;20,51315
"1306";"REH";"10-691";"OLSZTYN";"GÊBIKA 10 B";53,7402;20,51315
"1307";"STM";"10-691";"OLSZTYN";"GÊBIKA 10 B";53,7402;20,51315
"1308";"AOS";"10-691";"OLSZTYN";"ŒWITYCZ-WIDACKIEJ 3";53,73977;20,51347
"1309";"POZ";"10-691";"OLSZTYN";"ŒWITYCZ-WIDACKIEJ 3";53,73977;20,51347
"1310";"STM";"10-691";"OLSZTYN";"ŒWITYCZ-WIDACKIEJ 3/110";53,73977;20,51347
"1311";"STM";"10-691";"OLSZTYN";"ŒWITYCZ-WIDACKIEJ 3/P.115";53,73977;20,51347
"1312";"STM";"10-691";"OLSZTYN";"ŒWITYCZ-WIDACKIEJ 3/P.116";53,73977;20,51347
"1313";"ZPO";"10-691";"OLSZTYN";"ŒWITYCZ-WIDACKIEJ 3";53,73977;20,51347
"1314";"SPO";"10-691";"OLSZTYN";"GÊBIKA 10B";53,73975;20,51354
"1315";"POZ";"10-691";"OLSZTYN";"W£ADYS£AWA GÊBIKA 10B";53,73975;20,51354
"1316";"POZ";"10-689";"OLSZTYN";"STRAMKAWSKEJ 13";53,74288;20,51534
"1317";"ZPO";"10-434";"OLSZTYN";"KO£OBRZESKA 50";53,77945;20,52186
"1318";"SPO";"10-373";"WAD¥G";"LEŒMIANA 2";53,81976;20,5223
"1321";"AOS";"10-424";"OLSZTYN";"BUDOWLANA 3A";53,7841;20,53014
"1322";"SZP";"10-424";"OLSZTYN";"BUDOWLANA 3A";53,7841;20,53014
